{
	"class_name" : "PinholeCameraParameters",
	"extrinsic" : 
	[
		0.38646654714652057,
		-0.10087694006483273,
		0.91677011889557269,
		0.0,
		-0.59707336230988561,
		-0.78496588432810943,
		0.16532380488289464,
		0.0,
		0.70295590754798731,
		-0.61127113738843053,
		-0.36359398872814191,
		0.0,
		-0.13186952370213623,
		-0.03068844607377097,
		2.2297205891552574,
		1.0
	],
	"intrinsic" : 
	{
		"height" : 1061,
		"intrinsic_matrix" : 
		[
			918.85295341528945,
			0.0,
			0.0,
			0.0,
			918.85295341528945,
			0.0,
			959.5,
			530.0,
			1.0
		],
		"width" : 1920
	},
	"version_major" : 1,
	"version_minor" : 0
}